,Date,User,Tweet,Reply
0,2023-03-22 03:24:26+00:00,elonmusk,"Tesla Powerwall enables your home to operate normally during a power outage
tesla.com/powerwall",
1,2023-03-22 03:28:10+00:00,elonmusk,,"And if you have enough rooftop solar, you can go off grid for most of year in high latitudes &amp; whole year in low latitudes"
2,2023-03-22 03:26:56+00:00,TrungTPhan,,@elonmusk Any plan to mass produce this patio chair? https://t.co/oUIAKLqMMT
3,2023-03-22 03:28:15+00:00,josertorresb,,@TrungTPhan @elonmusk or this. it looks very cyber like üëÄ https://t.co/DBXh4Wk826
4,2023-03-22 03:27:04+00:00,johnhawkinsrwn,,@elonmusk Does it work for hurricane-prone areas?
5,2023-03-22 03:30:06+00:00,allanharding,,"@elonmusk Deposit holder since June 2018 üí™‚ö°üá®üá¶üò¨üòÖ"
6,2023-03-22 03:37:05+00:00,johnhawkinsrwn,,"@elonmusk Also, what's the advantage of this over a generator? I mean, taking a quick look, it looks significantly more expensive than a generator, although you do need gas for the generator to run."
7,2023-03-22 03:40:13+00:00,Ehryk42,,"@johnhawkinsrwn @elonmusk That's the advantage. Generators also require periodic startups and maintenance and often don't work when you need them most, don't transfer seamlessly, are loud, and fuel goes bad over time."
8,2023-03-22 03:46:59+00:00,THEGOONEEZ,,@elonmusk https://t.co/1FsTidlSEM
9,2023-03-22 06:15:03+00:00,techAU,,@elonmusk @Tesla Can we get one that doesn't cost $20k ??
10,2023-03-22 09:08:18+00:00,CarlSparre,,"@techAU @elonmusk @Tesla Yeah, it‚Äôs sold at a don‚Äôt-suffer-power-outage price.
For people unafraid of camping it‚Äôs only worth the energy-time-shift price.
I guess I have to wait till the first group are satiated and prices halve."
11,2023-03-22 07:22:44+00:00,bitfalls,,@elonmusk make it happen worldwide!
12,2023-03-22 18:32:47+00:00,Yourpop8,,"@elonmusk How do we implement tesla power wall in 3rd world countries without electrical infrastructure. Plenty of sun, no resources."
13,2023-03-23 04:12:25+00:00,Dunkishrock,,"@elonmusk Wish I knew this before I got a different Solar company, I don‚Äôt have power during an outage. üò™"
14,2023-03-23 21:54:15+00:00,JohnBarrowman,,@elonmusk That‚Äôs all very well. We have one and no one will fit it!!! @elonmusk
15,2023-03-27 03:34:56+00:00,JustinJDean,,@elonmusk Would love to use Powerwall as whole home backup while on grid and without having to use it with solar.
16,2023-03-27 22:36:45+00:00,evangelistmatt,,@JustinJDean @elonmusk That‚Äôs a billion dollar idea.
17,2023-03-22 03:26:11+00:00,theprism89,,"@elonmusk You ruined my Twitter experience, many people will be leaving because of you."
18,2023-03-22 03:29:25+00:00,DanielMoncada80,,@theprism89 @elonmusk Why are you still complaining? Pack your bags and go bro
19,2023-03-22 03:26:48+00:00,Gurjarrrrr,,@elonmusk #earthquake https://t.co/05tP43FTdf
20,2023-03-22 03:33:48+00:00,realAaronHermes,,@elonmusk Where‚Äôs the off grid version for US customers though???
21,2023-03-22 11:10:56+00:00,DooDoo_TheClown,,"@elonmusk Hey my friend, my son needs a job he‚Äôs 23 graduated from college and he‚Äôs a big fan of yours"
22,2023-03-22 12:25:39+00:00,STARFORCEHH,,@elonmusk Incredible .   Have a stream twitter.com/STARFORCEHH/st‚Ä¶
23,2023-03-22 13:41:28+00:00,ScottPresler,,"@elonmusk Elon,

I know you aren‚Äôt a partisan, but you care deeply for our country &amp; preserving freedom for the next generations.

There‚Äôs a hugely important Wisconsin Supreme Court election on April 4th. 

Any attention you can bring to Justice Daniel Kelly would be greatly appreciated."
24,2023-03-22 14:07:31+00:00,ScottPresler,,@elonmusk CC: @elonmusk
25,2023-03-22 14:42:04+00:00,carlosgil83,,"@elonmusk Well, well, well, look who's prepared for the apocalypse now. Enjoy your fully powered home while the rest of us are stuck playing flashlight tag in the dark."
26,2023-03-22 16:09:49+00:00,evronhughes,,"@elonmusk When is Tesla Solar and Tesla Power Powerwall coming to Africa, and Ghana in particular? With almost all year round sunlight, scaled-down versions of the Powerwall could be a source of stable, reliable power supply to homes, schools, and small businesses."
27,2023-03-22 18:55:23+00:00,ScottFishman,,@elonmusk Looks like a great product!
28,2023-03-24 01:50:32+00:00,iambhutia,,@elonmusk How can I get this in India?
29,2023-03-22 03:24:52+00:00,graffanati19,,@elonmusk Looks like a crazy storm
30,2023-03-22 03:25:10+00:00,alifarhat79,,@elonmusk Can it operate a printer?
31,2023-03-22 03:31:08+00:00,JohnAnth61,,"@alifarhat79 @elonmusk You have to wait for the Optimus bot.  It will be able to do the following:

-  Load paper.
-  Load overpriced ink.
-  Smash printer really good if not working."
32,2023-03-22 03:25:27+00:00,ViratTilldeath,,"@elonmusk Elon Musk takes over Twitter and brings Donald Trump back, I will be leaving this country. I got my passport last week when I heard he might buy Twitter. Instead I‚Äôll be moving to A CIVILIZED COUNTRY, the gorgeous Newzealandüá≥üáø! So long, America! You‚Äôve just lost a citizen...."
33,2023-03-24 13:12:02+00:00,ME9437,,@ViratTilldeath @elonmusk Don't forget your booster.
34,2023-03-22 03:26:01+00:00,ViratTilldeath,,@elonmusk Elon Musk spent $44 Billion on Twitter. The World's population is 8 billion. He could have given each person $5 billion and still have money leftover. I feel like a cheque for $5 billion would be life changing for most people Yet he wasted it all on Twitter....
35,2023-03-22 03:34:39+00:00,BushmanHarold7,,@ViratTilldeath @elonmusk You need to go back to mathematics class. Think about it even if it hurts. https://t.co/gh3a1Bjri0
36,2023-03-22 03:26:03+00:00,theboimerch7,,@elonmusk What about after WW3 starts? Can it withstand an emp?
37,2023-03-22 03:26:05+00:00,TOPDOGE007,,@elonmusk https://t.co/NQOtU7Wydz
38,2023-03-22 03:26:23+00:00,RaflorsNFT,,@elonmusk Can we normalize a built in chatgpt in Tesla? https://t.co/jGzNxefABz
39,2023-03-22 03:26:29+00:00,Manish_Scribe,,@elonmusk A real Iron Man with a soft heart..‚ù§ https://t.co/yKxNWSPBpC
40,2023-03-22 03:26:35+00:00,TrumpsChampion,,@elonmusk https://t.co/uuB7CDTRoD
41,2023-03-22 04:21:40+00:00,blkferret,,@TrumpsChampion @elonmusk This is funny.
42,2023-03-22 03:26:39+00:00,BronxViking718,,@elonmusk Who else thought this said ‚ÄúTesla Powerball‚Äù and for a second thought Elon was gonna give away some of his üí∞üí∞üí∞üòÇ
43,2023-03-22 03:26:42+00:00,Brick_Suit,,@elonmusk Does that mean it will attract zombies?
44,2023-03-22 03:26:44+00:00,teslaownersSV,,@elonmusk It‚Äôs been insane in the Bay Area. I‚Äôm thankful to have power despite all the outages. Solar and powerwalls give me complete peace over my own electricity.
45,2023-03-24 02:46:40+00:00,AmericanwomanU1,,"@teslaownersSV @elonmusk Glad you had power. 
We used a generator to power our fridge and tankless water heater during the CA electrical outages. 
Then used natural gas stove to cook."
46,2023-03-22 03:26:45+00:00,6463dc,,@elonmusk Maybe‚Ä¶‚Ä¶ except Tesla does a crap job explaining what to power during an outage. I love my Tesla Solar and Powerwalls but support and information is so lackluster
47,2023-03-22 03:26:50+00:00,XRPcryptowolf,,"@elonmusk #XRP is 100,000 times more energy efficient than Bitcoin üåé https://t.co/j8wUtF6Ogu"
48,2023-03-22 03:26:51+00:00,NewsCatsNews,,@elonmusk https://t.co/C9BJLQyef9
49,2023-03-22 03:26:51+00:00,JackHudler,,@elonmusk Be nice if there was a payment plan.
50,2023-03-22 03:26:56+00:00,taps,,@elonmusk Except for when storm watch doesn't activate and the powerwalls are at 25% right as the sun is setting üò´
51,2023-03-22 03:26:57+00:00,dubzyxbt,,@elonmusk what if my house doesn't operate normally with power?
52,2023-03-22 03:27:02+00:00,bayc1404,,@elonmusk How much needed for a 8k sqft home?
53,2023-03-22 03:27:17+00:00,chasingexes,,@elonmusk now #OPTIMUS will never get tired ü§ñüîÖ
54,2023-03-22 03:27:31+00:00,JoshuaThePilot,,"@elonmusk Except they are insanely expensive. Need to be 50% cheaper, at 10k each powerwall (13kw) a model 3 is 49k with 70+ kWh.  Rather buy a model 3. It financially doesn‚Äôt make sense."
55,2023-03-22 03:39:42+00:00,RoswellBeau,,@JoshuaThePilot @elonmusk 60kw of lfp rack batteries cost me 15k. Powerwalls make no sense. That and the fact they have to be connected to the internet to work thats nuts.
56,2023-03-22 03:27:37+00:00,AriTeman,,@elonmusk Operate normally? It comes with a new set of family members?
57,2023-03-22 03:27:52+00:00,VT_BNB,,"@elonmusk Sure, hope Tesla everyone country https://t.co/eFxYMSMhOY"
58,2023-03-22 03:28:02+00:00,genuinearticles,,@elonmusk https://t.co/YemnILsYv4
59,2023-03-22 03:28:07+00:00,jchybow,,@elonmusk Yup. And then some https://t.co/g3bynJMpYR
60,2023-03-22 03:29:38+00:00,jchybow,,@elonmusk Pic taken yesterday. Based in upstate NY
61,2023-03-22 03:28:13+00:00,vileTexan,,"@elonmusk I can afford a diesel generator, I can't afford those Powerwalls."
62,2023-03-24 21:31:23+00:00,yazzistar,,@vileTexan @elonmusk I‚Äôm looking into generators. Do you have a recommendation?
63,2023-03-22 03:28:39+00:00,AdamLowisz,,@elonmusk Will the IRS tax me for it ü§£ https://t.co/9xfhWyH3Pm
64,2023-03-22 03:28:41+00:00,NMinakhi,,@elonmusk Tesla the Future of energy ‚ö°Ô∏èüåç
65,2023-03-22 03:28:46+00:00,_i_am__AI,,@elonmusk https://t.co/558YuqDSz4
66,2023-03-22 03:29:22+00:00,thatt3slaguy,,"@elonmusk Can we get the ability to charge off a generator? Almost every other battery allows it, and when the power is out, there is usually little solar"
67,2023-03-22 03:29:23+00:00,Audjuice9989,,@elonmusk https://t.co/oyZ2pEbIaF
68,2023-03-22 03:29:31+00:00,tg_tradez,,@elonmusk The TESLA Powerwall is a highly sophisticated and innovative energy storage system that leverages cutting-edge technology to deliver an unparalleled level of energy efficiency and sustainability. There are several impressive features of the TESLA Powerwall that make it a standout‚Ä¶
69,2023-03-22 03:29:46+00:00,samy_sherwin,,@elonmusk So where are the details to figure out how many appliances it can run  and how long? And can it help running central heating? Or how many space heaters it can support and for how long before next charge? What is there is no sun?
70,2023-03-22 03:38:05+00:00,JayPressley,,"@samy_sherwin @elonmusk If there's no sun, you have bigger problems than appliances."
71,2023-03-22 03:30:31+00:00,JThesma,,@elonmusk You just need an additional mortgage on equivalent value of the house to install that Tesla Powerwall.. And need a meager 10% YoY as Annual maintenance.. Thats all.. otherwise it would work absolutely perfect to power during blackouts.. Right Elon Musk ji ?
72,2023-03-22 03:30:56+00:00,TSLAFanMtl,,@elonmusk I referred someone to buy Powerwall today‚Ä¶she was considering a diesel generator. Is it available in Canada?
73,2023-03-22 03:33:31+00:00,TeslaGoesPlaid,,"@TSLAFanMtl @elonmusk Yes, even available off-grid last I checked."
74,2023-03-22 03:32:11+00:00,TannerMantell,,@elonmusk What is average household use equivalent to ‚è≥Ô∏è? https://t.co/mB5r6aijov
75,2023-03-22 03:32:45+00:00,WildLifeCam_,,@elonmusk Let me demo it. 24/7 live twitch channel. I have solar panels already.
76,2023-03-22 03:33:41+00:00,vanluey1,,"@elonmusk I know many locations in the Philippines that need powerwalls and Starlink. When these become more affordable, these will be the biggest businesses in Asia. It will allow exploration and development of lands very suitable for living. Asia is a clear canvas for these industries."
77,2023-03-22 03:34:01+00:00,CommitSynergy,,"@elonmusk I plan on building my custom designed home in a desolate region with no existing utilities. Can the Powerball function as the main home electrical source, rather than as a provisional back-up, but still in conjunction with photovoltaic and wind turbine electrical generation? https://t.co/p3qeYl4aq5"
78,2023-03-22 03:34:18+00:00,TelFiREgames,,"@elonmusk So does a generator, and it costs 10x less"
79,2023-03-22 03:34:52+00:00,AD0NlS_,,@elonmusk üí™‚ö°‚òÄÔ∏è‚ôªÔ∏èüëçüôè https://t.co/3Lxqe9Q0xG
80,2023-03-22 03:35:08+00:00,notjustplanetA,,@elonmusk thx but i make my own electricity https://t.co/YFRM6MDCm2
81,2023-03-22 03:35:12+00:00,Ed_Dyer_,,"@elonmusk That would be great

any chance we can get it to operate normally when there is no power outage?

It is on the list of things to do.

Working on it.
This time for real.

Good Knight

Boring Co https://t.co/8hrHDOd4gX"
82,2023-03-22 03:35:37+00:00,OPhommachanh,,"@elonmusk ""Age of Abundance""
  $tsla master plan
https://t.co/B4K10CIFYN"
83,2023-03-22 03:35:39+00:00,TeslaOwnersEBay,,@elonmusk Only house on our block still with electricity tonight! @PGE4Me https://t.co/tOqR7Vu0EJ
84,2023-03-22 04:14:22+00:00,teslaownersSV,,@TeslaOwnersEBay @elonmusk @PGE4Me Stay safe
85,2023-03-22 03:35:51+00:00,ricky1ricky2,,@elonmusk Question: why do panels give more power than solar roof? My parents are going to move in with me and we need to remodel our home. We wanted solar roof but when we did the estimate on Tesla website it said panels would offer more power üòï
86,2023-03-22 03:37:04+00:00,BetitallonTesla,,@elonmusk I‚Äôve been waiting for over a year for the solar panels to be available in my area and no idea how much longer I will have to wait. Anybody else in the same situation? https://t.co/PCj3afCJeC
87,2023-03-22 03:38:17+00:00,WhatIndigoChild,,@elonmusk Posted an article about nuclear propulsion and it‚Äôs some interesting stuff. Check it out! I have a post somewhere on my acct with the article. @elonmusk
88,2023-03-22 03:38:40+00:00,elsathora,,@elonmusk The future üôåüèª
89,2023-03-22 03:42:39+00:00,MalibuAlex,,@elonmusk We have been waiting three+ years for the three we ordered.  Time to increase production!
90,2023-03-22 03:44:21+00:00,virtual_economy,,"@elonmusk Just had mine installed last week &amp; I'm delighted.

The Tesla install team performed a total loss of power demonstration, and to my surprise, the lights never even flickered. No power from the grid &amp; my Powerwall didn't skip a beat.

I literally said, ""Why wouldn't everyone want‚Ä¶"
91,2023-03-22 03:45:39+00:00,shaunkaven,,@elonmusk Is there an option to provide protection in the case if a solar flare or EMP?
92,2023-03-22 03:45:48+00:00,MarkMazurik,,"@elonmusk Legit question: When I see a burning Tesla on the news it takes a ton of water to put out. If a powerwall battery fails, is somebody's house done for?  If not, why is it different? I know that my house won't crash into another, but not all Tesla fires were car crashes."
93,2023-03-22 03:49:31+00:00,DirtyTesLa,,@elonmusk Powerwall+solar kept my house powered and cars charged for 5 days while the grid was down  youtu.be/DA3fRMm3a0c
94,2023-03-22 10:58:57+00:00,joshdthompson,,@DirtyTesLa @elonmusk Imagine having powerall + cybertruck 140kwh battery pack for emergency backup needs.
95,2023-03-22 03:51:18+00:00,jedimindtrading,,@elonmusk Anyone that owns a  powerwall know how long it can run during  an outage? And is it only for essentials or can you run fridge and central air let‚Äôs say during the summer?
96,2023-03-22 03:52:23+00:00,nd42rsyssx,,@elonmusk https://t.co/UPSn3BNB3L
97,2023-03-22 03:52:37+00:00,dvassallo,,"@elonmusk Elon, why can‚Äôt I buy a Powerwall and DIY it, just like other similarly-priced whole home batteries I can buy from Amazon? https://t.co/z7WgOcCJDA"
98,2023-03-22 08:43:30+00:00,brandonfish,,"@dvassallo @elonmusk I love DIY but this type of DIY would probably void the warranty so it doesn‚Äôt make sense to offer it, similar to installing a pool heater"
99,2023-03-22 04:03:10+00:00,serak128,,@elonmusk I‚Äôll gladly pay for Tesla phone and get rid of this Apple crap
100,2023-03-21 01:41:10+00:00,elonmusk,Follow @HelpfulNotes to read highly rated @CommunityNotes,
101,2023-03-21 01:44:02+00:00,khhk1437,,@elonmusk @HelpfulNotes @CommunityNotes Is it a paid advertisement?
102,2023-03-21 01:44:11+00:00,andrewe,,@elonmusk @HelpfulNotes @CommunityNotes I‚Äôm just here for the view count.
103,2023-03-21 01:44:50+00:00,JackLombardi,,@elonmusk @HelpfulNotes @CommunityNotes Perhaps it's time to issue propaganda warnings ‚ö†Ô∏è
104,2023-03-21 01:45:04+00:00,MattWallace888,,@elonmusk @HelpfulNotes @CommunityNotes Follow @MattWallace888 if you think @elonmusk should be president and @BillGates should be in prison
105,2023-03-21 02:02:30+00:00,JackLombardi,,"@MattWallace888 @elonmusk @HelpfulNotes @CommunityNotes @BillGates President is so limited. 

Elon is in an unimaginable position to steer society away from the cliff we are speeding towards.

I get the sentiment, though."
106,2023-03-21 01:47:36+00:00,AntonioJLievano,,@elonmusk @HelpfulNotes @CommunityNotes May we know how Community Notes chooses which tweets to review? Are flagged or popular tweets mostly reviewed?
107,2023-03-21 02:02:02+00:00,kcoleman,,"@AntonioJLievano @elonmusk @HelpfulNotes @CommunityNotes People can propose a note on any tweet, and if it‚Äôs found helpful by enough people from different points of view, it shows up!"
108,2023-03-21 04:45:43+00:00,chrisfleming91,,@elonmusk @HelpfulNotes @CommunityNotes Never had this happen on @twitter until you took over. Happens frequently. What gives? What did you change? https://t.co/5Mmu2N9c8a
109,2023-03-21 10:30:01+00:00,sinaEstavi,,@elonmusk @HelpfulNotes @CommunityNotes Done ‚úÖ
110,2023-03-23 04:13:22+00:00,Dunkishrock,,"@elonmusk @HelpfulNotes @CommunityNotes This is all your fault, I thought this was God for a sec üò™ https://t.co/71y7xCywLs"
111,2023-03-21 01:43:05+00:00,YoBigBrotha,,"@elonmusk @HelpfulNotes @CommunityNotes this is good, thanks üíØ"
112,2023-03-21 01:43:08+00:00,Peter_Deppeler,,@elonmusk @HelpfulNotes @CommunityNotes Thanks you get my email mate?
113,2023-03-21 01:43:41+00:00,brockpierson,,@elonmusk @HelpfulNotes @CommunityNotes Follow @brockpierson for incredible Tweets such as this: https://t.co/Apbp4kpfNg
114,2023-03-21 01:50:21+00:00,AntonioJLievano,,"@elonmusk @HelpfulNotes @CommunityNotes The ‚Äúmisleading info‚Äù report takes a while to get to. Could this be moved to the drop down when clicking the 3 dots, so that it‚Äôs easy to send tweets for fact checking?"
115,2023-03-21 03:26:54+00:00,STARFORCEHH,,@elonmusk @HelpfulNotes @CommunityNotes twitter.com/STARFORCEHH/st‚Ä¶
116,2023-03-21 04:26:36+00:00,sandesh__1994,,@elonmusk @HelpfulNotes @CommunityNotes What‚Äôs your opinion about Elon promoting here to follow the Twitter official accounts? Is it that difficult to grow on Twitter even for Twitter official accounts?
117,2023-03-21 19:43:38+00:00,Vaibhavsikar,,@elonmusk @HelpfulNotes @CommunityNotes twitter.com/Vaibhavsikar/s‚Ä¶
118,2023-03-21 23:18:09+00:00,MehrzadBBC,,@elonmusk @HelpfulNotes @CommunityNotes What the hell is wrong with you @elonmusk? https://t.co/4nw6WengW7
119,2023-03-21 01:41:42+00:00,kill_script,,@elonmusk @HelpfulNotes @CommunityNotes follow kill script if u love techno amirite
120,2023-03-21 01:41:43+00:00,brooks_eth,,@elonmusk @HelpfulNotes @CommunityNotes Thanks Elon.
121,2023-03-21 01:41:44+00:00,Insane__Emi,,@elonmusk @HelpfulNotes @CommunityNotes who are you to tell me whom to follow Elon
122,2023-03-21 01:42:15+00:00,TheRabbitHole84,,"@elonmusk @HelpfulNotes @CommunityNotes On it chief

- üê∞"
123,2023-03-21 01:42:31+00:00,DegemFinder,,@elonmusk @HelpfulNotes @CommunityNotes Will they ever mention your former pet $HOBBES?
124,2023-03-21 01:42:39+00:00,DogusJefferson,,@elonmusk @HelpfulNotes @CommunityNotes Follow @artifyerc to draw some amazing art pieces inspired by your doodles. https://t.co/pTP65HYnnW
125,2023-03-21 01:42:48+00:00,JoeyFromPhilly,,@elonmusk @HelpfulNotes @CommunityNotes Damn where's my shoutout Elon?
126,2023-03-21 01:43:03+00:00,greg16676935420,,@elonmusk @HelpfulNotes @CommunityNotes Elon can you tell everyone to follow @greg16676935420 next?
127,2023-03-21 01:43:12+00:00,LoopxNFT,,@elonmusk @HelpfulNotes @CommunityNotes This is massively important for Twitter
128,2023-03-21 01:43:16+00:00,ChrisRab70,,@elonmusk @HelpfulNotes @CommunityNotes How about @SuggestionNotes or maybe @IdeaNotes?
129,2023-03-21 01:43:17+00:00,Star_WSB,,@elonmusk @HelpfulNotes @CommunityNotes üëç
130,2023-03-21 01:43:18+00:00,mraarone,,"@elonmusk @HelpfulNotes @CommunityNotes Thanks, E."
131,2023-03-21 01:43:20+00:00,Lauren3veMemes,,@elonmusk @HelpfulNotes @CommunityNotes Like fact checked memes üòÇüòÇü§£
132,2023-03-21 01:43:27+00:00,lindey_222,,"@elonmusk @HelpfulNotes @CommunityNotes Don‚Äôt miss out on 
$borz @WolfgangBorzoi"
133,2023-03-21 01:43:32+00:00,Dee_mac14,,@elonmusk @HelpfulNotes @CommunityNotes Can we get a yawn emoji for spaces?
134,2023-03-21 01:43:38+00:00,Tackle71Wall,,@elonmusk @HelpfulNotes @CommunityNotes On it!
135,2023-03-21 01:43:43+00:00,Thewokeexposed,,@elonmusk @HelpfulNotes @CommunityNotes A lot of people are being suspended for saying the words ‚Äúmental illness‚Äù.
136,2023-03-21 22:00:14+00:00,ScottPeters2112,,@Thewokeexposed @elonmusk @HelpfulNotes @CommunityNotes I got seven days for saying it about trans
137,2023-03-21 01:43:10+00:00,RaflorsNFT,,@elonmusk @HelpfulNotes @CommunityNotes https://t.co/ufVcFXeobe
138,2023-03-21 01:43:12+00:00,ImTstock,,@elonmusk @HelpfulNotes @CommunityNotes No thanks
139,2023-03-21 01:43:23+00:00,HasThreeKids,,@elonmusk @HelpfulNotes @CommunityNotes https://t.co/awdBm1hRPH
140,2023-03-21 01:43:25+00:00,Boogerbeard1,,@elonmusk @HelpfulNotes @CommunityNotes No I follow too many people already don't make me do this pls
141,2023-03-21 01:43:28+00:00,maggiejuang1,,@elonmusk @HelpfulNotes @CommunityNotes Community noted tells the truth
142,2023-03-21 01:43:45+00:00,Lisa_Lisa_NJ,,@elonmusk @HelpfulNotes @CommunityNotes Done
143,2023-03-21 01:43:46+00:00,Audjuice9989,,@elonmusk @HelpfulNotes @CommunityNotes https://t.co/AEjcbTm8fJ
144,2023-03-21 01:43:47+00:00,udiWertheimer,,@elonmusk @HelpfulNotes @CommunityNotes Follow @TaprootWizards to watch highly rated #WizardShowers https://t.co/xF12szNV27
145,2023-03-21 01:43:47+00:00,awinvt,,@elonmusk @HelpfulNotes @CommunityNotes https://t.co/ohqINDO2xf
146,2023-03-21 01:43:50+00:00,FullyVoxxed,,@elonmusk @HelpfulNotes @CommunityNotes I‚Äôll follow you into the ibis‚Ä¶. Wait I mean ok will doüëç
147,2023-03-21 01:46:36+00:00,JackLinFLL,,@FullyVoxxed @elonmusk @HelpfulNotes @CommunityNotes Sounds painful https://t.co/ARBvdcbtOo
148,2023-03-21 01:43:50+00:00,ChrisB_Chambers,,@elonmusk @HelpfulNotes @CommunityNotes How about some @StopTheRestOfTheCensorshipNotes???
149,2023-03-21 01:43:51+00:00,VictoryGoat,,@elonmusk @HelpfulNotes @CommunityNotes Truth is power
150,2023-03-21 01:43:56+00:00,Riz,,"@elonmusk @HelpfulNotes @CommunityNotes Watch this account explode from 2100 followers to infinity.
Cyberbackpack.com https://t.co/GUxMgaa4yQ"
151,2023-03-21 01:43:57+00:00,olivia_p_walker,,@elonmusk @HelpfulNotes @CommunityNotes Didn‚Äôt know this was a thing. Thanks.
152,2023-03-21 02:14:19+00:00,DaveExplainsWhy,,@olivia_p_walker @elonmusk @HelpfulNotes @CommunityNotes I'm on the waiting list since a week ago. I don't expect my time with community notes to be enduring nor will it end well.
153,2023-03-21 01:43:57+00:00,Walcandy1,,@elonmusk @HelpfulNotes @CommunityNotes https://t.co/VgX6So6fv6
154,2023-03-21 01:44:00+00:00,Maxwell_Maher,,@elonmusk @HelpfulNotes @CommunityNotes Elon you forgot to mention me again
155,2023-03-21 01:44:01+00:00,XRPcryptowolf,,@elonmusk @HelpfulNotes @CommunityNotes Follow @XRPcryptowolf to read highly rated #XRP and crypto posts üòÇ
156,2023-03-21 01:44:02+00:00,ok32650586,,@elonmusk @HelpfulNotes @CommunityNotes üòÅüëç
157,2023-03-21 01:44:02+00:00,theyvonnesayers,,@elonmusk @HelpfulNotes @CommunityNotes üíôüíôüíôüíô‚úÖüëäüèºüí•
158,2023-03-21 01:44:07+00:00,__Im_Alive__,,@elonmusk @HelpfulNotes @CommunityNotes Okkkkkk üôÇ
159,2023-03-21 01:44:12+00:00,genuinearticles,,@elonmusk @HelpfulNotes @CommunityNotes Follow @GalacticGeckoSG to see highly rated Geckos https://t.co/qRUMihQFTE
160,2023-03-21 01:44:16+00:00,ButWhenMoon,,@elonmusk @HelpfulNotes @CommunityNotes Buy $DIVI on Kucoin
161,2023-03-21 01:44:20+00:00,I_Am_CryptoKing,,@elonmusk @HelpfulNotes @CommunityNotes Thank you Elon!
162,2023-03-21 01:44:45+00:00,Walcandy1,,@elonmusk @HelpfulNotes @CommunityNotes https://t.co/gkVW3Uskwq
163,2023-03-21 01:44:52+00:00,Walcandy1,,@elonmusk @HelpfulNotes @CommunityNotes https://t.co/TYCvvCIA0Q
164,2023-03-21 01:44:54+00:00,vinaybhootra,,@elonmusk @HelpfulNotes @CommunityNotes Doge Holders Finally https://t.co/3rWEA2QZ7J
165,2023-03-21 01:44:58+00:00,SarcasticCowboy,,@elonmusk @HelpfulNotes @CommunityNotes Done
166,2023-03-21 01:45:03+00:00,BentizK,,"@elonmusk @HelpfulNotes @CommunityNotes If you see this tweet , comment for a free coke"
167,2023-03-21 01:47:31+00:00,Howie1129,,@BentizK @elonmusk @HelpfulNotes @CommunityNotes I prefer pespi
168,2023-03-21 01:45:08+00:00,nobarkchip,,"@elonmusk @HelpfulNotes @CommunityNotes You got it, Dad. I mean Elon. Hope you are having a good day!!"
169,2023-03-21 01:45:10+00:00,RedHeadedPat,,@elonmusk @HelpfulNotes @CommunityNotes Okay following both. Now will you please come have coffee with me? https://t.co/1IZv8iB4Da
170,2023-03-21 02:20:22+00:00,taylorswartwood,,@RedHeadedPat @elonmusk @HelpfulNotes @CommunityNotes He would be interesting company for a coffee break.
171,2023-03-21 01:45:15+00:00,Walcandy1,,@elonmusk @HelpfulNotes @CommunityNotes https://t.co/QBRIsJ6ns3
172,2023-03-21 01:45:25+00:00,nd42rsyssx,,@elonmusk @HelpfulNotes @CommunityNotes https://t.co/BCaQpdxHO3
173,2023-03-21 01:45:30+00:00,TrumpsChampion,,@elonmusk @HelpfulNotes @CommunityNotes https://t.co/HPw6lUZY6q
174,2023-03-21 01:45:35+00:00,NMinakhi,,@elonmusk @HelpfulNotes @CommunityNotes üòéüíô
175,2023-03-21 01:45:39+00:00,SpudisRobert,,"@elonmusk @HelpfulNotes @CommunityNotes Done, will check it out."
176,2023-03-21 01:45:48+00:00,MarianeTweets63,,@elonmusk @HelpfulNotes @CommunityNotes I will when you stop trying to destroy our democracy or fix the steering wheel. Ball is in your court...
177,2023-03-21 01:46:52+00:00,drivingtipdaily,,@elonmusk @HelpfulNotes @CommunityNotes Why are community notes content not accessable to android users for submission?
178,2023-03-21 01:47:31+00:00,SudsyM,,"@elonmusk @HelpfulNotes @CommunityNotes Elon, did you legacy me yet?"
179,2023-03-21 01:48:50+00:00,TradingNimbus,,@elonmusk @HelpfulNotes @CommunityNotes I can't follow because I reached my following cap. Can we increase followers allowed for @TwitterBlue ?
180,2023-03-21 01:49:02+00:00,BaconMeCrazyNFT,,@elonmusk @HelpfulNotes @CommunityNotes Noted @elonmusk!
181,2023-03-21 01:49:15+00:00,kiwitrump,,@elonmusk @HelpfulNotes @CommunityNotes How about follow @va_shiva to get the lowdown on how you keep the @Twitter back door open to enable the government to shut down free speech
182,2023-03-21 01:49:36+00:00,watawatadayone,,@elonmusk @HelpfulNotes @CommunityNotes I got it.
183,2023-03-21 01:49:44+00:00,AdamLowisz,,@elonmusk @HelpfulNotes @CommunityNotes We need more community notes posts on Biden's tweets üëè https://t.co/WsR5RVtKmP
184,2023-03-21 01:49:46+00:00,CurationMostly,,@elonmusk @HelpfulNotes @CommunityNotes Follow Elon Musks entire timeline here üëá and see what his Twitter Bubble looks like.  (If the API is still working ü§∑‚Äç‚ôÇÔ∏è) https://t.co/6aiXpxP2aP
185,2023-03-21 01:49:58+00:00,coldenvy,,@elonmusk @HelpfulNotes @CommunityNotes Hi Elon can you add me to the early access fsd beta testers list please! üôè Much appreciated
186,2023-03-21 02:21:12+00:00,DuwaneSessions,,@coldenvy @elonmusk @HelpfulNotes @CommunityNotes If only.
187,2023-03-21 01:50:31+00:00,druglord_nft,,"@elonmusk @HelpfulNotes @CommunityNotes It's always helpful to have access to well-written and informative notes, especially those created by a community of like-minded individuals. Following @HelpfulNotes and @CommunityNotes is an excellent way to stay up-to-date with relevant information and insights. By reading and‚Ä¶"
188,2023-03-21 01:51:50+00:00,PatriotRose17,,@elonmusk @HelpfulNotes @CommunityNotes Got it üëç
189,2023-03-21 01:53:43+00:00,PearpopFounder,,@elonmusk @HelpfulNotes @CommunityNotes Oh this is great!
190,2023-03-21 01:55:21+00:00,Patrick502,,@elonmusk @HelpfulNotes @CommunityNotes Sell twitter and start a EV racing circuit. It‚Äôs the only way your gonna win over some people on electric vehicles.
191,2023-03-21 01:56:59+00:00,isabellarileyus,,"@elonmusk @HelpfulNotes @CommunityNotes This is sexist because I‚Äôm a woman and therefore can‚Äôt read. 

Do you have an audiobook version of @CommunityNotes ??"
192,2023-03-21 01:57:27+00:00,ana_couper,,@elonmusk @HelpfulNotes @CommunityNotes Well this is not helpful üòÇ https://t.co/FFHfsxJxFu
193,2023-03-21 01:58:05+00:00,GaryLachance,,@elonmusk @HelpfulNotes @CommunityNotes https://t.co/WIZWNtl5bW
194,2023-03-21 01:58:58+00:00,DMSintheUK,,@elonmusk @HelpfulNotes @CommunityNotes You're a helpful billionaire.
195,2023-03-21 02:00:21+00:00,russian_bot_69,,@elonmusk @HelpfulNotes @CommunityNotes Is there a limit to the number of layers of Tweet - Community Note - Helpful Note - Community Note - Helpful Note - ‚Ä¶ ?
196,2023-03-21 02:04:39+00:00,deathbcomesu,,@elonmusk @HelpfulNotes @CommunityNotes Twitter needs #orbitalshield powered by #safemoon for security. Elon get a hold of @SafeMoonWing from Safemoon.
197,2023-03-21 02:05:47+00:00,MatthewJshow,,"@elonmusk @HelpfulNotes @CommunityNotes Elon, what new features can we look forward to in the near future?"
198,2023-03-21 02:08:28+00:00,olivia_p_walker,,"@elonmusk @HelpfulNotes @CommunityNotes üò≤ Elon said to follow and within 25min 12,000+ people followed."
199,2023-03-21 02:10:39+00:00,RandallFlagg311,,@elonmusk @HelpfulNotes @CommunityNotes $ARM https://t.co/vRgG4iEyvE
200,2023-03-20 17:44:16+00:00,elonmusk,https://t.co/6LaLFNxZ9T,
201,2023-03-20 17:44:47+00:00,elonmusk,,open.spotify.com/track/71Hd6Mql‚Ä¶
202,2023-03-20 17:45:02+00:00,BillyM2k,,@elonmusk never forget
203,2023-03-20 17:46:15+00:00,mryeatinu,,"@BillyM2k @elonmusk $CHING 

Never forget 

@IChing_Dragon https://t.co/Bh60fIS3q7"
204,2023-03-20 17:46:37+00:00,joinFIO,,@elonmusk apes together rekt this time üçå
205,2023-03-20 17:52:54+00:00,OriginProtocol,,@joinFIO @elonmusk Degens living in a degen world
206,2023-03-20 17:46:57+00:00,iamchillpill,,@elonmusk Bitcoin: https://t.co/pC93nDz538
207,2023-03-20 17:51:59+00:00,sidneyswift,,"@iamchillpill @elonmusk Good inside, Chill 

I prefer yours üî•"
208,2023-03-20 17:48:09+00:00,JohnGiannone9,,@elonmusk It‚Äôs time for a twitter based bank‚Ä¶. Maybe buy @Wise next and make it part of Twitter.
209,2023-03-21 15:19:03+00:00,Wise,,"@JohnGiannone9 Hi John! We're waiting for the day to see a green colored Tesla on the road üíö

If you ever need anything, we're just a DM away."
210,2023-03-20 17:48:16+00:00,sidneyswift,,"@elonmusk No worries, FED has money to bailout all of them https://t.co/l9376ykDEK"
211,2023-03-20 17:56:49+00:00,iamchillpill,,@sidneyswift @elonmusk https://t.co/ZBqeIm8pFl
212,2023-03-20 17:48:44+00:00,wallstmemes,,"@elonmusk Harambe will take care of all the dead financial institutions ‚ù§Ô∏è

(Thanks for sharing our meme!)"
213,2023-03-20 17:55:00+00:00,OriginProtocol,,@wallstmemes @elonmusk Gud meme
214,2023-03-20 17:49:58+00:00,ownthedoge,,@elonmusk https://t.co/BJuYwU4lJm
215,2023-03-20 21:49:05+00:00,jamesks92,,@ownthedoge @elonmusk The funniest part of this is the real life Doge is still with us and has outlived all of them! üòÖ
216,2023-03-20 17:50:57+00:00,OriginProtocol,,@elonmusk REEE https://t.co/c5H0AWdL2m
217,2023-03-20 17:52:23+00:00,joinFIO,,"@OriginProtocol @elonmusk collapsing is easy, managing risks is hard https://t.co/9nDAVA2tyO"
218,2023-03-20 17:51:24+00:00,greg16676935420,,@elonmusk Elon I updated the watermark for you https://t.co/OoxWYj191x
219,2023-03-20 17:55:57+00:00,iamchillpill,,@greg16676935420 @elonmusk elon reading this reply finding out he forgot to take off the watermark POV: https://t.co/QuTRDKfaEr
220,2023-03-20 17:51:31+00:00,fintwit_news,,@elonmusk https://t.co/RttMS9mjOq
221,2023-03-20 18:45:51+00:00,MichelleToale,,@fintwit_news @elonmusk https://t.co/PqpDxIXjQs
222,2023-03-20 17:55:23+00:00,yo,,@elonmusk What about FRC?
223,2023-03-20 18:31:18+00:00,rhemrajani9,,@elonmusk .@elonmusk will you stop by later to discuss on $TWTR spaces ? twitter.com/rhemrajani9/st‚Ä¶
224,2023-03-20 18:31:47+00:00,Barchart,,@rhemrajani9 @elonmusk On the phone with him right now to discuss
225,2023-03-20 18:39:32+00:00,andrewe,,@elonmusk I‚Äôm just here for the view count.
226,2023-03-20 18:52:23+00:00,martypartymusic,,@elonmusk One big gorilla in the room
227,2023-03-20 20:32:11+00:00,David_Leavitt,,"@elonmusk Where‚Äôs my money ?

twitter.com/david_leavitt/‚Ä¶"
228,2023-03-20 23:20:41+00:00,ethan_harsell,,@elonmusk https://t.co/IPDBQbNW7k
229,2023-03-21 18:58:21+00:00,DavidAlanArnold,,@ethan_harsell @elonmusk Yup
230,2023-03-21 02:05:50+00:00,markbland,,@elonmusk You steady stuck in the past man. Its wasn‚Äôt that great. Harambe now? Bro seriously this is odd meme work.
231,2023-03-21 05:57:58+00:00,MoonshadowLynn,,@markbland @elonmusk Is it also odd that banks are going bankrupt? ü§î
232,2023-03-20 17:46:38+00:00,williamlegate,,@elonmusk now add the Tesla logo
233,2023-03-20 17:46:39+00:00,JustinStone,,@elonmusk The best thing from ohioü´°
234,2023-03-20 17:46:42+00:00,ItamarCohen100,,@elonmusk üò¨
235,2023-03-20 17:56:05+00:00,caroljsroth,,@elonmusk Harambe doesn't deserve this. ü§£
236,2023-03-20 17:56:49+00:00,sumitkapoor16,,@elonmusk And dogecoin?üòÖ
237,2023-03-20 18:04:02+00:00,adamlipschitz,,@elonmusk #RIPharambe gone but never forgotten ‚úäüèªüôèüèª
238,2023-03-20 18:19:17+00:00,Specter_Smit,,"@elonmusk üëÄüëÄ

üçø ü¶ç"
239,2023-03-20 18:24:45+00:00,_WEB3M_,,"@elonmusk It's high time to protect our money.

However, protecting our data is also critical.

twitter.com/_WEB3M_/status‚Ä¶"
240,2023-03-20 18:31:30+00:00,STARFORCEHH,,@elonmusk twitter.com/STARFORCEHH/st‚Ä¶
241,2023-03-20 18:35:13+00:00,HiRezTheRapper,,@elonmusk twitter.com/HiRezTheRapper‚Ä¶
242,2023-03-20 18:53:23+00:00,iambhutia,,"@elonmusk Bank be like‚Ä¶
https://t.co/ERBf19jZh8"
243,2023-03-20 19:09:51+00:00,AttorneyGriggs,,@elonmusk Not Harambe https://t.co/0VX1TrnDYE
244,2023-03-20 19:41:01+00:00,MarshallHayner,,@elonmusk Now we need @AlderLaneEggs swinging the axe in this meme ü™ì
245,2023-03-20 19:59:33+00:00,homesteader1000,,@elonmusk @elonmusk Please purchase a news media channel. There‚Äôs quite a few Americans still being lied to daily that have no idea the chaos and uncertainty happening around the world right now. Thank you. ‚ù§Ô∏è
246,2023-03-26 23:26:51+00:00,Clarknova1,,@tiredoftyranny6 @elonmusk https://t.co/1TyRPYd4sl
247,2023-03-20 21:37:29+00:00,robrousseau,,@elonmusk Simply epic sir
248,2023-03-20 23:27:48+00:00,KyleHunter,,@elonmusk 8-pound gorilla.
249,2023-03-21 00:50:35+00:00,karengeier,,@elonmusk Did you have this saved on your Sidekick
250,2023-03-21 02:22:06+00:00,DaveWallaceUS,,"@elonmusk Kevin Hassett noted, Our FEDERAL Reserve has 1 Trillion in losses, unrealized, due to QE assets they purchased. Yet massive deficits will only drive inflation higher, low interest yields on long term Notes and Bonds, prices will only continue to spiral lower. Making losses worse"
251,2023-03-21 05:26:17+00:00,carlosgil83,,"@elonmusk Twitter is like a chaotic preschool where grown-ups can whine, brag, and share dank memes. But don't forget the time-out corner for trolls and bullies who don't play nice. And remember, the sandbox is always watching, so watch your step and don't eat the crayons."
252,2023-03-21 18:23:15+00:00,HEntezai,,@elonmusk #FEGtoken https://t.co/njdmTufFRr
253,2023-03-21 20:52:30+00:00,FEGtoken,,@HEntezai @elonmusk https://t.co/dWse15xUAO
254,2023-03-21 19:00:46+00:00,STARFORCEHH,,@elonmusk A quick read .. and great Trump story twitter.com/STARFORCEHH/st‚Ä¶
255,2023-03-21 23:23:09+00:00,Lyndonx,,@elonmusk Freddy Mac!
256,2023-03-20 17:44:53+00:00,dogeofficialceo,,@elonmusk https://t.co/BNVYtZhuOu
257,2023-03-20 19:38:27+00:00,Neptungsten,,"@dogeofficialceo @elonmusk OMG, how does this keep happening?!!"
258,2023-03-20 17:44:54+00:00,cb_doge,,@elonmusk https://t.co/KPkSPj2XH0
259,2023-03-20 17:45:08+00:00,dogeofficialceo,,@elonmusk https://t.co/pri96lG7tc
260,2023-03-20 17:45:31+00:00,thedownliner,,@elonmusk Credit Suisse bankers this morning. https://t.co/ZXcPUlFxGn
261,2023-03-20 17:45:37+00:00,mynamepants,,@elonmusk RIP sicario monke https://t.co/eDQSTbtEI1
262,2023-03-20 17:45:42+00:00,SarcasticCowboy,,@elonmusk Had if Twitter was not acquired by Elon Musk we would have seen a bird app too in that list
263,2023-03-20 17:45:49+00:00,0nemorecomma,,@elonmusk https://t.co/Wu4WxswdLh
264,2023-03-20 17:45:51+00:00,MrFredoSix,,@elonmusk Rip banks rip harambe
265,2023-03-20 17:46:15+00:00,itswooch,,@elonmusk GME
266,2023-03-20 17:46:16+00:00,ss6942,,@elonmusk And we are here https://t.co/NMk4ZVW55m
267,2023-03-23 10:05:03+00:00,ManuelleYerly,,"@ss6942 @BostonStrongxXx @elonmusk But that's graphic is an heresy ! Doesn't really mean sthg ! You should have th√© value of dollar in gold for instance ! Or th√© ratio dollar / Price of bread , etc... ü§î"
268,2023-03-20 17:46:17+00:00,MrSinha_,,"@elonmusk Hi Elon, is it against twitter policy to tweet against wokeism, liquid gender type things?üåö"
269,2023-03-20 17:46:30+00:00,Siya_Ndlumbini,,@elonmusk We're ready https://t.co/UEA09Q9JEL
270,2023-03-20 17:46:33+00:00,Grail_Whale,,@elonmusk https://t.co/86YZu91tHn
271,2023-03-20 17:48:30+00:00,Maxwell_Maher,,@Grail_Whale @elonmusk https://t.co/3l5FuE6Az6
272,2023-03-20 17:46:51+00:00,Luke360,,@elonmusk https://t.co/R4QJKlyJIl
273,2023-03-20 17:46:51+00:00,4lejandronovas,,@elonmusk https://t.co/BEHu7BAkK4
274,2023-03-20 17:46:59+00:00,gaborgurbacs,,@elonmusk Bitcoin is still standing. ;) @elonmusk twitter.com/gaborgurbacs/s‚Ä¶
275,2023-03-20 17:47:04+00:00,justpaulinelol,,@elonmusk https://t.co/yxuJ006YZY
276,2023-03-20 17:47:09+00:00,TrumpsChampion,,@elonmusk https://t.co/hjDHc96iVZ
277,2023-03-20 17:47:14+00:00,DogusJefferson,,"@elonmusk When will you be buying a bank @elonmusk 
#Artify https://t.co/woZzcdGiaE"
278,2023-03-20 17:47:15+00:00,itswooch,,@elonmusk Release the GameStop Files Elon! üëÄ‚è≥ü¶ç
279,2023-03-20 17:47:27+00:00,SorunsalElliTon,,@elonmusk @inancsalman terc√ºme edilir misin ?
280,2023-03-20 17:47:30+00:00,cramercoin,,"@elonmusk No one should be surprised

They didnt stand a chance against Jim Shady

https://t.co/poNglW8mWh"
281,2023-03-20 17:52:51+00:00,SLEVE305,,@cramercoin @elonmusk https://t.co/kTgbL7mQTi
282,2023-03-20 17:47:31+00:00,InvestorTurf,,"@elonmusk üëÄ

twitter.com/investorturf/s‚Ä¶"
283,2023-03-20 19:23:20+00:00,emh_mk1,,"@InvestorTurf @elonmusk Oh thank God, my local credit union isn‚Äôt on this list."
284,2023-03-20 17:47:40+00:00,vikasofvikas,,"@elonmusk What you think about this?
üöóüõû https://t.co/EX4gHmDeaZ"
285,2023-03-20 17:47:47+00:00,edsel_robbins,,"@elonmusk It‚Äôs happening. Really.

Free the January 6 Patriots. Now.

Release all the video. Now."
286,2023-03-20 17:47:51+00:00,DashDobrofsky,,"@elonmusk Stop distracting from the fact that your favorite President is about to be indicted in multiple states
open.substack.com/pub/dashdobrof‚Ä¶"
287,2023-03-20 19:36:47+00:00,TheBrighamEmack,,@DashDobrofsky @elonmusk https://t.co/bT7ixEzlKp
288,2023-03-20 17:47:52+00:00,Oli_OHMI_100,,@elonmusk Trust in $OHMI @OHMIOfficial https://t.co/KHtrrTcwun
289,2023-03-20 17:48:15+00:00,ErikOnChain,,@elonmusk Cracks are starting to show https://t.co/jk1xrgkVCJ
290,2023-03-20 17:48:21+00:00,ViratTilldeath,,"@elonmusk Elon Musk takes over Twitter and brings Donald Trump back, I will be leaving this country. I got my passport last week when I heard he might buy Twitter. Instead I‚Äôll be moving to A CIVILIZED COUNTRY, the gorgeous TANZANIA üáπüáø! So long, America! You‚Äôve just lost a citizen...."
291,2023-03-21 18:55:46+00:00,DavidAlanArnold,,@ViratTilldeath @elonmusk https://t.co/4GD3aDAdgK
292,2023-03-20 17:48:31+00:00,esatoshiclub,,@elonmusk https://t.co/RQ5XQ3W4Zn
293,2023-03-20 17:48:35+00:00,VandelayBTC,,@elonmusk Cloud money. üñ® https://t.co/wi1LIc9HoQ
294,2023-03-20 17:48:38+00:00,MuhammadNidaal2,,@elonmusk @FEGtoken @Ste_Cha_FEG @FegSupporter what is this üí≤üí≤üí≤üí≤üí≤üí≤üí≤
295,2023-03-20 17:48:41+00:00,PKPlayerOne,,"@elonmusk @TESa3cLuna Remember ü¶çü¶çü¶çü¶çü¶çü¶ç

#APESNEVERLEAVING #ApesTogetherStrong"
296,2023-03-20 17:48:46+00:00,PeteG_5,,@elonmusk ü¶ç #NotLeaving
297,2023-03-20 18:00:28+00:00,BrennanKeller1,,@PeteG_5 @elonmusk This is epic lol
298,2023-03-20 17:48:46+00:00,BeepBoopSupreme,,"@elonmusk The traditional banking system is a scam. 

https://t.co/WROvqNufHp"
299,2023-03-20 17:48:50+00:00,vileTexan,,@elonmusk Why would you do this to us? üò≠ https://t.co/REDMIOD6fO
